{"cameraMode":{"drawMode":0,"name":"Shaded","section":"Shading Mode"},"sceneLighting":false,"audioPlay":false,"sceneViewState":{"m_AlwaysRefresh":false,"showFog":true,"showSkybox":false,"showFlares":true,"showImageEffects":true,"showParticleSystems":true,"showVisualEffectGraphs":true,"m_FxEnabled":true},"in2DMode":false,"pivot":{"x":1.788137435913086,"y":-0.14898717403411866,"z":3.9491491317749025},"rotation":{"x":-0.13486626744270326,"y":-0.02170155756175518,"z":0.002947306726127863,"w":-0.9906331300735474},"size":2.459843873977661,"orthographic":false}